"Date","BMRI.JK.Adjusted","JKSE.Adjusted"
2020-01-02,2800.02587890625,6283.5810546875
2020-01-03,2790.99340820312,6323.4658203125
2020-01-06,2745.83154296875,6257.40283203125
2020-01-07,2745.83154296875,6279.34619140625
2020-01-08,2709.7021484375,6225.68603515625
2020-01-09,2781.96069335938,6274.4931640625
2020-01-10,2790.99340820312,6274.94091796875
2020-01-13,2790.99340820312,6296.56689453125
2020-01-14,2800.02587890625,6325.40576171875
2020-01-15,2763.89624023438,6283.365234375
2020-01-16,2727.7666015625,6286.0478515625
2020-01-17,2790.99340820312,6291.6572265625
2020-01-20,2754.86376953125,6245.04296875
2020-01-21,2781.96069335938,6238.15283203125
2020-01-22,2818.09033203125,6233.453125
2020-01-23,2809.05786132812,6249.2099609375
2020-01-24,2863.251953125,6244.10888671875
2020-01-27,2790.99340820312,6133.2080078125
2020-01-28,2800.02587890625,6111.18408203125
2020-01-29,2818.09033203125,6113.044921875
2020-01-30,2763.89624023438,6057.59619140625
2020-01-31,2727.7666015625,5940.0478515625
2020-02-03,2709.7021484375,5884.169921875
2020-02-04,2718.73461914062,5922.3388671875
2020-02-05,2781.96069335938,5978.509765625
2020-02-06,2781.96069335938,5987.14501953125
2020-02-07,2790.99340820312,5999.60693359375
2020-02-10,2790.99340820312,5952.0830078125
2020-02-11,2809.05786132812,5954.39697265625
2020-02-12,2818.09033203125,5913.0810546875
2020-02-13,2836.15478515625,5871.9541015625
2020-02-14,2827.12280273438,5866.94482421875
2020-02-17,2836.15478515625,5867.52294921875
2020-02-18,2827.12280273438,5886.9619140625
2020-02-19,2872.28442382812,5928.791015625
2020-02-20,2890.34912109375,5942.48681640625
2020-02-21,2854.2197265625,5882.2548828125
2020-02-24,2809.05786132812,5807.0498046875
2020-02-25,2818.09033203125,5787.13818359375
2020-02-26,2763.89624023438,5688.9208984375
2020-02-27,2655.50805664062,5535.69384765625
2020-02-28,2761.14990234375,5452.7041015625
2020-03-02,2637.79956054688,5361.24609375
2020-03-03,2732.68432617188,5518.6279296875
2020-03-04,2837.05786132812,5650.13623046875
2020-03-05,2884.50024414062,5638.1298828125
2020-03-06,2751.6611328125,5498.5400390625
2020-03-09,2495.47216796875,5136.80908203125
2020-03-10,2609.333984375,5220.826171875
2020-03-11,2590.35693359375,5154.10498046875
2020-03-12,2438.54125976562,4895.748046875
2020-03-13,2410.07592773438,4907.57080078125
2020-03-16,2410.07592773438,4690.6572265625
2020-03-17,2096.95556640625,4456.7490234375
2020-03-18,1954.62854003906,4330.673828125
2020-03-19,1817.994140625,4105.421875
2020-03-20,1692.74621582031,4194.94384765625
2020-03-23,1575.0888671875,3989.51708984375
2020-03-24,1465.02233886719,3937.63208007812
2020-03-26,1696.54162597656,4338.90380859375
2020-03-27,1874.92517089844,4545.57080078125
2020-03-30,1745.88159179688,4414.5
2020-03-31,1776.24487304688,4538.93017578125
2020-04-01,1749.67700195312,4466.037109375
2020-04-02,1802.81262207031,4531.68505859375
2020-04-03,1907.18566894531,4623.42919921875
2020-04-06,1973.60534667969,4811.8271484375
2020-04-07,1945.14001464844,4778.63916015625
2020-04-08,1810.4033203125,4626.69482421875
2020-04-09,1772.44946289062,4649.0791015625
2020-04-13,1696.54162597656,4623.89404296875
2020-04-14,1734.49560546875,4706.4912109375
2020-04-15,1669.97387695312,4625.90478515625
2020-04-16,1597.861328125,4480.60693359375
2020-04-17,1662.38293457031,4634.82080078125
2020-04-20,1658.58752441406,4575.90478515625
2020-04-21,1650.99682617188,4501.9189453125
2020-04-22,1704.13220214844,4567.56201171875
2020-04-23,1707.92761230469,4593.55419921875
2020-04-24,1624.42907714844,4496.06396484375
2020-04-27,1575.0888671875,4513.14111328125
2020-04-28,1575.0888671875,4529.55419921875
2020-04-29,1518.15795898438,4567.3232421875
2020-04-30,1692.74621582031,4716.40283203125
2020-05-04,1628.22448730469,4605.48681640625
2020-05-05,1601.65661621094,4630.1328125
2020-05-06,1578.88427734375,4608.7900390625
2020-05-08,1594.06591796875,4597.43017578125
2020-05-11,1605.45202636719,4639.10498046875
2020-05-12,1521.95336914062,4588.73388671875
2020-05-13,1521.95336914062,4554.35888671875
2020-05-14,1499.18090820312,4513.833984375
2020-05-15,1427.06860351562,4507.60693359375
2020-05-18,1411.88684082031,4511.05810546875
2020-05-19,1465.02233886719,4548.65576171875
2020-05-20,1544.72570800781,4545.9521484375
2020-05-26,1556.11193847656,4626.798828125
2020-05-27,1559.90734863281,4641.55517578125
2020-05-28,1628.22448730469,4716.18505859375
2020-05-29,1696.54162597656,4753.61181640625
2020-06-02,1753.47241210938,4847.5068359375
2020-06-03,1844.56201171875,4941.005859375
2020-06-04,1795.2216796875,4916.7041015625
2020-06-05,1840.76647949219,4947.7822265625
2020-06-08,1992.58239746094,5070.56103515625
2020-06-09,2002.07092285156,5035.05517578125
2020-06-10,1863.53869628906,4920.68212890625
2020-06-11,1780.04016113281,4854.75390625
2020-06-12,1855.94812011719,4880.35888671875
2020-06-15,1791.42639160156,4816.3359375
2020-06-16,1907.18566894531,4986.4580078125
2020-06-17,1859.74353027344,4987.77587890625
2020-06-18,1829.38037109375,4925.248046875
2020-06-19,1852.15270996094,4942.27490234375
2020-06-22,1825.58508300781,4918.8310546875
2020-06-23,1817.994140625,4879.1328125
2020-06-24,1954.62854003906,4964.73486328125
2020-06-25,1907.18566894531,4896.72998046875
2020-06-26,1897.69750976562,4904.087890625
2020-06-29,1874.92517089844,4901.81787109375
2020-06-30,1878.72058105469,4905.39208984375
2020-07-01,1893.90209960938,4914.38818359375
2020-07-02,1897.69750976562,4966.77978515625
2020-07-03,1897.69750976562,4973.7939453125
2020-07-06,1926.1630859375,4988.8662109375
2020-07-07,1916.67456054688,4987.08203125
2020-07-08,2002.07092285156,5076.173828125
2020-07-09,1992.58239746094,5052.7939453125
2020-07-10,1964.11682128906,5031.255859375
2020-07-13,1992.58239746094,5064.44677734375
2020-07-14,2011.55944824219,5079.1220703125
2020-07-15,2002.07092285156,5075.7978515625
2020-07-16,2002.07092285156,5098.3740234375
2020-07-17,1964.11682128906,5079.5849609375
2020-07-20,1935.65148925781,5051.10595703125
2020-07-21,2011.55944824219,5114.708984375
2020-07-22,2059.00146484375,5110.18701171875
2020-07-23,2163.375,5145.009765625
2020-07-24,2125.4208984375,5082.9912109375
2020-07-27,2229.79467773438,5116.666015625
2020-07-28,2220.30615234375,5112.98876953125
2020-07-29,2163.375,5149.6298828125
2020-07-30,2201.3291015625,5149.626953125
2020-08-03,2087.46704101562,5006.22314453125
2020-08-04,2115.9326171875,5075.001953125
2020-08-05,2163.375,5127.05078125
2020-08-06,2191.84057617188,5178.27197265625
2020-08-07,2201.3291015625,5143.89306640625
2020-08-10,2201.3291015625,5157.833984375
2020-08-11,2267.74853515625,5190.169921875
2020-08-12,2334.16796875,5233.4521484375
2020-08-13,2296.21411132812,5239.25
2020-08-14,2286.72534179688,5247.68994140625
2020-08-18,2334.16796875,5295.173828125
2020-08-19,2315.19116210938,5272.81005859375
2020-08-24,2277.23706054688,5277.041015625
2020-08-25,2372.12182617188,5338.88818359375
2020-08-26,2410.07592773438,5340.328125
2020-08-27,2391.09912109375,5371.47216796875
2020-08-28,2362.63354492188,5346.6591796875
2020-08-31,2258.26000976562,5238.48681640625
2020-09-01,2324.6796875,5310.67919921875
2020-09-02,2305.70263671875,5311.97021484375
2020-09-03,2267.74853515625,5280.81298828125
2020-09-04,2248.771484375,5239.85107421875
2020-09-07,2220.30615234375,5230.19580078125
2020-09-08,2267.74853515625,5244.07177734375
2020-09-09,2191.84057617188,5149.3759765625
2020-09-10,2040.02478027344,4891.4609375
2020-09-11,2077.97875976562,5016.7119140625
2020-09-14,2182.35205078125,5161.828125
2020-09-15,2153.88647460938,5100.865234375
2020-09-16,2144.39819335938,5058.48193359375
2020-09-17,2115.9326171875,5038.40087890625
2020-09-18,2115.9326171875,5059.22314453125
2020-09-21,2077.97875976562,4999.35986328125
2020-09-22,2011.55944824219,4934.0927734375
2020-09-23,1973.60534667969,4917.955078125
2020-09-24,1926.1630859375,4842.755859375
2020-09-25,2030.53625488281,4945.791015625
2020-09-28,1954.62854003906,4906.5478515625
2020-09-29,1926.1630859375,4879.09814453125
2020-09-30,1882.51599121094,4870.0390625
2020-10-01,1973.60534667969,4970.09423828125
2020-10-02,1973.60534667969,4926.73388671875
2020-10-05,2030.53625488281,4958.76904296875
2020-10-06,2087.46704101562,4999.22119140625
2020-10-07,2106.44409179688,5004.3271484375
2020-10-08,2068.490234375,5039.14208984375
2020-10-09,2106.44409179688,5053.6630859375
2020-10-12,2134.90966796875,5093.09912109375
2020-10-13,2153.88647460938,5132.57177734375
2020-10-14,2191.84057617188,5176.09912109375
2020-10-15,2125.4208984375,5105.14990234375
2020-10-16,2115.9326171875,5103.4140625
2020-10-19,2163.375,5126.330078125
2020-10-20,2144.39819335938,5099.83984375
2020-10-21,2096.95556640625,5096.44580078125
2020-10-22,2068.490234375,5091.81591796875
2020-10-23,2106.44409179688,5112.18798828125
2020-10-26,2191.84057617188,5144.048828125
2020-10-27,2191.84057617188,5128.22509765625
2020-11-02,2267.74853515625,5115.1279296875
2020-11-03,2277.23706054688,5159.4521484375
2020-11-04,2163.375,5105.19921875
2020-11-05,2267.74853515625,5260.326171875
2020-11-06,2296.21411132812,5335.52880859375
2020-11-09,2334.16796875,5356.0048828125
2020-11-10,2419.564453125,5462.73876953125
2020-11-11,2419.564453125,5509.51318359375
2020-11-12,2343.65649414062,5458.60205078125
2020-11-13,2372.12182617188,5461.05810546875
2020-11-16,2353.14477539062,5494.8720703125
2020-11-17,2372.12182617188,5529.93994140625
2020-11-18,2410.07592773438,5557.51806640625
2020-11-19,2400.58740234375,5594.05908203125
2020-11-20,2391.09912109375,5571.65576171875
2020-11-23,2429.05297851562,5652.76416015625
2020-11-24,2438.54125976562,5701.02880859375
2020-11-25,2476.49536132812,5679.2470703125
2020-11-26,2552.4033203125,5759.916015625
2020-11-27,2523.93774414062,5783.3349609375
2020-11-30,2400.58740234375,5612.4150390625
2020-12-01,2476.49536132812,5724.7421875
2020-12-02,2523.93774414062,5813.98681640625
2020-12-03,2495.47216796875,5822.94189453125
2020-12-04,2504.96069335938,5810.48291015625
2020-12-07,2542.91479492188,5930.7587890625
2020-12-08,2533.42626953125,5944.4091796875
2020-12-10,2580.86889648438,5933.6982421875
2020-12-11,2571.38012695312,5938.3291015625
2020-12-14,2552.4033203125,6012.51611328125
2020-12-15,2542.91479492188,6010.1279296875
2020-12-16,2571.38012695312,6118.40185546875
2020-12-17,2609.333984375,6113.3818359375
2020-12-18,2542.91479492188,6104.32421875
2020-12-21,2542.91479492188,6165.6240234375
2020-12-22,2429.05297851562,6023.2890625
2020-12-23,2410.07592773438,6008.708984375
2020-12-28,2476.49536132812,6093.55419921875
2020-12-29,2438.54125976562,6036.173828125
2020-12-30,2400.58740234375,5979.0732421875
2021-01-04,2467.00659179688,6104.89794921875
2021-01-05,2438.54125976562,6137.3427734375
2021-01-06,2438.54125976562,6065.68212890625
2021-01-07,2457.5185546875,6153.6328125
2021-01-08,2485.98388671875,6257.8349609375
2021-01-11,2599.84545898438,6382.93701171875
2021-01-12,2637.79956054688,6395.6689453125
2021-01-13,2628.31127929688,6435.205078125
2021-01-14,2599.84545898438,6428.31494140625
2021-01-15,2552.4033203125,6373.412109375
2021-01-18,2628.31127929688,6389.833984375
2021-01-19,2647.28833007812,6321.85595703125
2021-01-20,2799.10375976562,6429.7578125
2021-01-21,2751.6611328125,6413.89208984375
2021-01-22,2732.68432617188,6307.126953125
2021-01-25,2770.63842773438,6258.57177734375
2021-01-26,2799.10375976562,6140.1708984375
2021-01-27,2770.63842773438,6109.16796875
2021-01-28,2675.75366210938,5979.38720703125
2021-01-29,2495.47216796875,5862.35205078125
2021-02-01,2542.91479492188,6067.544921875
2021-02-02,2457.5185546875,6043.8408203125
2021-02-03,2467.00659179688,6077.7451171875
2021-02-04,2495.47216796875,6107.2158203125
2021-02-05,2485.98388671875,6151.72900390625
2021-02-08,2495.47216796875,6208.8662109375
2021-02-09,2467.00659179688,6181.671875
2021-02-10,2467.00659179688,6201.828125
2021-02-11,2467.00659179688,6222.52099609375
2021-02-15,2467.00659179688,6270.32421875
2021-02-16,2457.5185546875,6292.39599609375
2021-02-17,2410.07592773438,6227.72802734375
2021-02-18,2372.12182617188,6200.30810546875
2021-02-19,2419.564453125,6231.93212890625
2021-02-22,2419.564453125,6255.31201171875
2021-02-23,2400.58740234375,6272.80712890625
2021-02-24,2419.564453125,6251.05419921875
2021-02-25,2381.61059570312,6289.64599609375
2021-02-26,2334.16796875,6241.7958984375
2021-03-01,2495.47216796875,6338.51318359375
2021-03-02,2504.96069335938,6359.205078125
2021-03-03,2504.96069335938,6376.7568359375
2021-03-04,2485.98388671875,6290.798828125
2021-03-05,2457.5185546875,6258.7490234375
2021-03-08,2438.54125976562,6248.46484375
2021-03-09,2438.54125976562,6199.64697265625
2021-03-10,2467.00659179688,6264.67919921875
2021-03-12,2552.4033203125,6358.208984375
2021-03-15,2523.93774414062,6324.2587890625
2021-03-16,2485.98388671875,6309.69921875
2021-03-17,2476.49536132812,6277.22802734375
2021-03-18,2580.86889648438,6347.8291015625
2021-03-19,2571.38012695312,6356.16015625
2021-03-22,2514.44921875,6301.130859375
2021-03-23,2533.42626953125,6252.7119140625
2021-03-24,2521.75805664062,6156.14013671875
2021-03-25,2511.94580078125,6122.8759765625
2021-03-26,2521.75805664062,6195.56201171875
2021-03-29,2502.1337890625,6166.81787109375
2021-03-30,2482.50903320312,6071.44189453125
2021-03-31,2413.82299804688,5985.52197265625
2021-04-01,2433.447265625,6011.4560546875
2021-04-05,2443.259765625,5970.2861328125
2021-04-06,2462.88427734375,6002.77001953125
2021-04-07,2482.50903320312,6036.6162109375
2021-04-08,2462.88427734375,6071.72412109375
2021-04-09,2541.38256835938,6070.208984375
2021-04-12,2472.69653320312,5948.56884765625
2021-04-13,2472.69653320312,5927.43505859375
2021-04-14,2482.50903320312,6050.27587890625
2021-04-15,2472.69653320312,6079.5009765625
2021-04-16,2472.69653320312,6086.2578125
2021-04-19,2443.259765625,6052.5400390625
2021-04-20,2433.447265625,6038.32177734375
2021-04-21,2404.0107421875,5993.2421875
2021-04-22,2404.0107421875,5994.18408203125
2021-04-23,2413.82299804688,6016.86376953125
2021-04-26,2345.13696289062,5964.82080078125
2021-04-27,2374.57373046875,5959.62109375
2021-04-28,2433.447265625,5974.47900390625
2021-04-29,2443.259765625,6012.9609375
2021-04-30,2423.63525390625,5995.6162109375
2021-05-03,2374.57373046875,5952.59716796875
2021-05-04,2394.19848632812,5963.81982421875
2021-05-05,2374.57373046875,5975.9111328125
2021-05-06,2384.38598632812,5970.240234375
2021-05-07,2335.32446289062,5928.30908203125
2021-05-10,2345.13696289062,5975.787109375
2021-05-11,2315.69995117188,5938.35107421875
2021-05-17,2325.51196289062,5833.85986328125
2021-05-18,2315.69995117188,5834.39404296875
2021-05-19,2227.38940429688,5760.583984375
2021-05-20,2217.5771484375,5797.59716796875
2021-05-21,2286.26318359375,5773.1201171875
2021-05-24,2256.826171875,5763.6318359375
2021-05-25,2315.69995117188,5815.83984375
2021-05-27,2256.826171875,5841.828125
2021-05-28,2276.45068359375,5848.6162109375
2021-05-31,2354.94921875,5947.462890625
2021-06-02,2394.19848632812,6031.578125
2021-06-03,2453.07202148438,6091.51318359375
2021-06-04,2404.0107421875,6065.166015625
2021-06-07,2404.0107421875,6069.93505859375
2021-06-08,2354.94921875,5999.369140625
2021-06-09,2413.82299804688,6047.47509765625
2021-06-10,2433.447265625,6107.5380859375
2021-06-11,2462.88427734375,6095.4970703125
2021-06-14,2462.88427734375,6080.3837890625
2021-06-15,2482.50903320312,6089.0380859375
2021-06-16,2462.88427734375,6078.56787109375
2021-06-17,2433.447265625,6068.44677734375
2021-06-18,2433.447265625,6007.1201171875
2021-06-21,2364.76147460938,5996.2529296875
2021-06-22,2423.63525390625,6087.841796875
2021-06-23,2364.76147460938,6034.54296875
2021-06-24,2345.13696289062,6012.05615234375
2021-06-25,2315.69995117188,6022.39892578125
2021-06-28,2237.20166015625,5939.47119140625
2021-06-29,2266.638671875,5949.0498046875
2021-06-30,2315.69995117188,5985.48876953125
2021-07-01,2345.13696289062,6005.9580078125
2021-07-02,2335.32446289062,6023.0078125
2021-07-05,2296.07568359375,6005.60888671875
2021-07-06,2266.638671875,6047.11083984375
2021-07-07,2256.826171875,6044.037109375
2021-07-08,2315.69995117188,6039.89599609375
2021-07-09,2266.638671875,6039.84423828125
2021-07-12,2276.45068359375,6078.56787109375
2021-07-13,2266.638671875,6012.0322265625
2021-07-14,2237.20166015625,5979.21484375
2021-07-15,2305.88793945312,6046.75390625
2021-07-16,2305.88793945312,6072.509765625
2021-07-19,2256.826171875,6017.39404296875
2021-07-21,2325.51196289062,6029.97607421875
2021-07-22,2374.57373046875,6137.546875
2021-07-23,2345.13696289062,6101.68994140625
2021-07-26,2276.45068359375,6106.39404296875
2021-07-27,2286.26318359375,6097.048828125
2021-07-28,2315.69995117188,6088.52294921875
2021-07-29,2256.826171875,6120.72705078125
2021-07-30,2237.20166015625,6070.0390625
2021-08-02,2227.38940429688,6096.54296875
2021-08-03,2266.638671875,6130.57080078125
2021-08-04,2286.26318359375,6159.03515625
2021-08-05,2374.57373046875,6205.4169921875
2021-08-06,2345.13696289062,6203.43115234375
2021-08-09,2276.45068359375,6127.4560546875
2021-08-10,2276.45068359375,6088.408203125
2021-08-12,2325.51196289062,6139.65185546875
2021-08-13,2354.94921875,6139.4921875
2021-08-16,2345.13696289062,6087.9130859375
2021-08-18,2374.57373046875,6118.14990234375
2021-08-19,2296.07568359375,5992.32177734375
2021-08-20,2315.69995117188,6030.77197265625
2021-08-23,2345.13696289062,6109.828125
2021-08-24,2286.26318359375,6089.4970703125
2021-08-25,2335.32446289062,6113.240234375
2021-08-26,2286.26318359375,6058.080078125
2021-08-27,2276.45068359375,6041.3662109375
2021-08-30,2335.32446289062,6144.90185546875
2021-08-31,2394.19848632812,6150.298828125
2021-09-01,2354.94921875,6090.93310546875
2021-09-02,2374.57373046875,6078.22900390625
2021-09-03,2404.0107421875,6126.9208984375
2021-09-06,2433.447265625,6126.93798828125
2021-09-07,2453.07202148438,6112.39990234375
2021-09-08,2453.07202148438,6026.02001953125
2021-09-09,2492.3212890625,6068.21923828125
2021-09-10,2433.447265625,6094.873046875
2021-09-13,2413.82299804688,6088.1572265625
2021-09-14,2394.19848632812,6129.09521484375
2021-09-15,2404.0107421875,6110.22900390625
2021-09-16,2413.82299804688,6109.94189453125
2021-09-17,2374.57373046875,6133.24609375
2021-09-20,2364.76147460938,6076.31494140625
2021-09-21,2345.13696289062,6060.7568359375
2021-09-22,2384.38598632812,6108.26513671875
2021-09-23,2384.38598632812,6142.7119140625
2021-09-24,2345.13696289062,6144.81494140625
2021-09-27,2315.69995117188,6122.4951171875
2021-09-28,2335.32446289062,6113.11181640625
2021-09-29,2354.94921875,6162.55419921875
2021-09-30,2413.82299804688,6286.94287109375
2021-10-01,2394.19848632812,6228.84521484375
2021-10-04,2541.38256835938,6342.68603515625
2021-10-05,2521.75805664062,6288.048828125
2021-10-06,2590.44409179688,6417.3232421875
2021-10-07,2629.69311523438,6416.39599609375
2021-10-08,2708.19165039062,6481.76904296875
2021-10-11,2708.19165039062,6459.69677734375
2021-10-12,2747.44067382812,6486.26708984375
2021-10-13,2786.68969726562,6536.90380859375
2021-10-14,2816.12670898438,6626.11376953125
2021-10-15,2806.314453125,6633.337890625
2021-10-18,2816.12670898438,6658.76806640625
2021-10-19,2825.93896484375,6655.998046875
2021-10-21,2816.12670898438,6632.97216796875
2021-10-22,2825.93896484375,6643.73779296875
2021-10-25,2796.501953125,6625.69677734375
2021-10-26,2816.12670898438,6656.93701171875
2021-10-27,2806.314453125,6602.208984375
2021-10-28,2757.25317382812,6524.076171875
2021-10-29,2816.12670898438,6591.34619140625
2021-11-01,2816.12670898438,6552.88916015625
2021-11-02,2757.25317382812,6493.27490234375
2021-11-03,2796.501953125,6552.1298828125
2021-11-04,2816.12670898438,6586.44287109375
2021-11-05,2786.68969726562,6581.78515625
2021-11-08,2747.44067382812,6632.296875
2021-11-09,2698.37939453125,6669.9248046875
2021-11-10,2806.314453125,6683.14501953125
2021-11-11,2835.75122070312,6691.341796875
2021-11-12,2786.68969726562,6651.05419921875
2021-11-15,2767.0654296875,6616.02880859375
2021-11-16,2835.75122070312,6651.20703125
2021-11-17,2835.75122070312,6675.80419921875
2021-11-18,2816.12670898438,6636.46923828125
2021-11-19,2845.5634765625,6720.26318359375
2021-11-22,2884.81274414062,6723.38623046875
2021-11-23,2806.314453125,6677.8759765625
2021-11-24,2806.314453125,6683.27685546875
2021-11-25,2884.81274414062,6699.34619140625
2021-11-26,2786.68969726562,6561.55322265625
2021-11-29,2816.12670898438,6608.2900390625
2021-11-30,2747.44067382812,6533.93212890625
2021-12-01,2776.87768554688,6507.6767578125
2021-12-02,2825.93896484375,6583.81982421875
2021-12-03,2806.314453125,6538.505859375
2021-12-06,2816.12670898438,6547.1162109375
2021-12-07,2865.18823242188,6602.56884765625
2021-12-08,2806.314453125,6603.7978515625
2021-12-09,2884.81274414062,6643.93212890625
2021-12-10,2825.93896484375,6652.921875
2021-12-13,2796.501953125,6662.87109375
2021-12-14,2816.12670898438,6615.63720703125
2021-12-15,2855.3759765625,6626.2568359375
2021-12-16,2845.5634765625,6594.7978515625
2021-12-17,2806.314453125,6601.93212890625
2021-12-20,2776.87768554688,6547.11181640625
2021-12-21,2806.314453125,6554.30908203125
2021-12-22,2767.0654296875,6529.5927734375
2021-12-23,2776.87768554688,6555.55078125
2021-12-24,2767.0654296875,6562.89990234375
2021-12-27,2747.44067382812,6575.44384765625
2021-12-28,2767.0654296875,6598.3427734375
2021-12-29,2786.68969726562,6600.6767578125
2021-12-30,2757.25317382812,6581.48193359375
2022-01-03,2767.0654296875,6665.30810546875
2022-01-04,2816.12670898438,6695.373046875
2022-01-05,2757.25317382812,6662.298828125
2022-01-06,2757.25317382812,6653.35107421875
2022-01-07,2767.0654296875,6701.31591796875
2022-01-10,2767.0654296875,6691.1240234375
2022-01-11,2767.0654296875,6647.97021484375
2022-01-12,2806.314453125,6647.06494140625
2022-01-13,2796.501953125,6658.35595703125
2022-01-14,2816.12670898438,6693.40087890625
2022-01-17,2825.93896484375,6645.0478515625
2022-01-18,2845.5634765625,6614.05908203125
2022-01-19,2757.25317382812,6591.98095703125
2022-01-20,2816.12670898438,6626.87109375
2022-01-21,2865.18823242188,6726.373046875
2022-01-24,2855.3759765625,6655.166015625
2022-01-25,2835.75122070312,6568.1728515625
2022-01-26,2933.8740234375,6600.81884765625
2022-01-27,2963.31127929688,6611.1611328125
2022-01-28,3002.56005859375,6645.51123046875
2022-01-31,2933.8740234375,6631.15087890625
2022-02-02,2933.8740234375,6707.65185546875
2022-02-03,2933.8740234375,6683.85107421875
2022-02-04,2933.8740234375,6731.39111328125
2022-02-07,2943.6865234375,6804.93701171875
2022-02-08,2992.74780273438,6789.52197265625
2022-02-09,3012.37280273438,6834.60595703125
2022-02-10,3031.9970703125,6823.64208984375
2022-02-11,3031.9970703125,6815.60693359375
2022-02-14,3061.43383789062,6734.48583984375
2022-02-15,3100.68310546875,6807.4970703125
2022-02-16,3081.05859375,6850.1982421875
2022-02-17,3081.05859375,6835.1171875
2022-02-18,3081.05859375,6892.81787109375
2022-02-21,3081.05859375,6902.96484375
2022-02-22,3090.87060546875,6861.994140625
2022-02-23,3090.87060546875,6920.05615234375
2022-02-24,3022.18481445312,6817.81982421875
2022-02-25,3022.18481445312,6888.1708984375
2022-03-01,3002.56005859375,6921.44091796875
2022-03-02,2992.74780273438,6868.40185546875
2022-03-04,3002.56005859375,6928.328125
2022-03-07,2963.31127929688,6869.06591796875
2022-03-08,2963.31127929688,6814.18310546875
2022-03-09,2992.74780273438,6864.44091796875
2022-03-10,3012.37280273438,6924.0078125
2022-03-11,3002.56005859375,6922.60205078125
2022-03-14,3041.80908203125,6952.2041015625
2022-03-15,3051.62158203125,6918.18505859375
2022-03-16,3120.30786132812,6992.39501953125
2022-03-17,3120.30786132812,6964.384765625
2022-03-18,3110.49536132812,6954.96484375
2022-03-21,3145.70922851562,6955.18115234375
2022-03-22,3155.98901367188,7000.82177734375
2022-03-23,3197.10961914062,6996.115234375
2022-03-24,3258.7900390625,7049.68505859375
2022-03-25,3227.94970703125,7002.5322265625
2022-03-28,3238.22998046875,7049.60302734375
2022-03-29,3258.7900390625,7011.68896484375
2022-03-30,3238.22998046875,7053.18994140625
2022-03-31,3248.51000976562,7071.44189453125
2022-04-01,3238.22998046875,7078.759765625
2022-04-04,3217.66967773438,7116.2177734375
2022-04-05,3217.66967773438,7148.298828125
2022-04-06,3155.98901367188,7104.2158203125
2022-04-07,3166.26928710938,7127.3671875
2022-04-08,3166.26928710938,7210.8349609375
2022-04-11,3155.98901367188,7203.7939453125
2022-04-12,3166.26928710938,7214.78076171875
2022-04-13,3176.54931640625,7262.77685546875
2022-04-14,3155.98901367188,7235.5322265625
2022-04-18,3135.42895507812,7275.2890625
2022-04-19,3114.86865234375,7199.23193359375
2022-04-20,3227.94970703125,7227.36181640625
2022-04-21,3412.99145507812,7276.19287109375
2022-04-22,3402.71166992188,7225.60595703125
2022-04-25,3382.1513671875,7215.97900390625
2022-04-26,3433.55151367188,7232.15283203125
2022-04-27,3382.1513671875,7196.76416015625
2022-04-28,3680.27368164062,7228.9140625
2022-05-09,3423.271484375,6909.7509765625
2022-05-10,3330.75073242188,6819.7939453125
2022-05-11,3289.63061523438,6816.203125
2022-05-12,3238.22998046875,6599.83984375
2022-05-13,3207.38940429688,6597.9931640625
2022-05-17,3227.94970703125,6644.466796875
2022-05-18,3248.51000976562,6793.4140625
2022-05-19,3248.51000976562,6823.3349609375
2022-05-20,3289.63061523438,6918.14404296875
2022-05-23,3238.22998046875,6840.77490234375
2022-05-24,3258.7900390625,6914.14111328125
2022-05-25,3227.94970703125,6883.50390625
2022-05-27,3330.75073242188,7026.255859375
2022-05-30,3371.87109375,7037.56494140625
2022-05-31,3495.232421875,7148.97021484375
2022-06-02,3371.87109375,7148.72314453125
2022-06-03,3371.87109375,7182.9609375
2022-06-06,3351.31103515625,7096.58203125
2022-06-07,3412.99145507812,7141.044921875
2022-06-08,3454.11181640625,7193.31396484375
2022-06-09,3464.39184570312,7182.830078125
2022-06-10,3361.59106445312,7086.64794921875
2022-06-13,3330.75073242188,6995.44189453125
2022-06-14,3371.87109375,7049.8818359375
2022-06-15,3412.99145507812,7007.0498046875
2022-06-16,3443.83178710938,7050.326171875
2022-06-17,3320.47045898438,6936.966796875
2022-06-20,3392.43139648438,6976.376953125
2022-06-21,3392.43139648438,7044.07080078125
2022-06-22,3351.31103515625,6984.31103515625
2022-06-23,3351.31103515625,6998.26708984375
2022-06-24,3412.99145507812,7042.93701171875
2022-06-27,3382.1513671875,7016.05517578125
2022-06-28,3341.03076171875,6996.4560546875
2022-06-29,3269.07006835938,6942.35107421875
2022-06-30,3258.7900390625,6911.58203125
2022-07-01,3125.14892578125,6794.328125
2022-07-04,3042.908203125,6639.171875
2022-07-05,3145.70922851562,6703.26611328125
2022-07-06,3094.30859375,6646.41015625
2022-07-07,3053.18798828125,6652.5869140625
2022-07-08,3073.74829101562,6740.21923828125
2022-07-11,3073.74829101562,6722.14501953125
2022-07-12,3053.18798828125,6718.2939453125
2022-07-13,2991.5078125,6640.990234375
2022-07-14,2991.5078125,6690.0869140625
2022-07-15,2950.38696289062,6651.90478515625
2022-07-18,3022.34790039062,6659.2529296875
2022-07-19,3053.18798828125,6736.091796875
2022-07-20,3248.51000976562,6874.7431640625
2022-07-21,3248.51000976562,6864.130859375
2022-07-22,3227.94970703125,6886.9619140625
2022-07-25,3197.10961914062,6858.4072265625
2022-07-26,3289.63061523438,6871.537109375
2022-07-27,3330.75073242188,6898.2158203125
2022-07-28,3310.1904296875,6956.81689453125
2022-07-29,3402.71166992188,6951.123046875
2022-08-01,3279.35034179688,6968.783203125
2022-08-02,3361.59106445312,6988.1572265625
2022-08-03,3392.43139648438,7046.634765625
2022-08-04,3392.43139648438,7057.34814453125
2022-08-05,3392.43139648438,7084.65478515625
2022-08-08,3433.55151367188,7086.84912109375
2022-08-09,3484.9521484375,7102.8798828125
2022-08-10,3536.35278320312,7086.23583984375
2022-08-11,3505.51245117188,7160.384765625
2022-08-12,3484.9521484375,7129.27685546875
2022-08-15,3474.671875,7093.27587890625
2022-08-16,3505.51245117188,7133.453125
2022-08-18,3536.35278320312,7186.55810546875
2022-08-19,3495.232421875,7172.43408203125
2022-08-22,3505.51245117188,7107.98291015625
2022-08-23,3546.63256835938,7163.26513671875
2022-08-24,3546.63256835938,7194.7060546875
2022-08-25,3526.07250976562,7174.2080078125
2022-08-26,3495.232421875,7135.248046875
2022-08-29,3515.79248046875,7132.044921875
2022-08-30,3556.9130859375,7159.47314453125
2022-08-31,3639.1533203125,7178.58984375
2022-09-01,3669.99389648438,7153.10400390625
2022-09-02,3639.1533203125,7177.17919921875
2022-09-05,3680.27368164062,7231.8828125
2022-09-06,3628.87353515625,7233.15478515625
2022-09-07,3649.43383789062,7186.7568359375
2022-09-08,3680.27368164062,7232.01708984375
2022-09-09,3731.67431640625,7242.65576171875
2022-09-12,3772.794921875,7254.4638671875
2022-09-13,3885.87573242188,7318.01611328125
2022-09-14,3824.19555664062,7278.078125
2022-09-15,3844.755859375,7305.60107421875
2022-09-16,3741.95458984375,7168.8701171875
2022-09-19,3793.35473632812,7195.48779296875
2022-09-20,3783.07495117188,7196.951171875
2022-09-21,3813.91528320312,7188.31396484375
2022-09-22,3783.07495117188,7218.90576171875
2022-09-23,3783.07495117188,7178.5830078125
2022-09-26,3803.63500976562,7127.5029296875
2022-09-27,3844.755859375,7112.44921875
2022-09-28,3824.19555664062,7077.03076171875
2022-09-29,3803.63500976562,7036.1982421875
2022-09-30,3875.595703125,7040.7978515625
2022-10-03,3813.91528320312,7009.7177734375
2022-10-04,3793.35473632812,7072.255859375
2022-10-05,3813.91528320312,7075.384765625
2022-10-06,3834.47509765625,7076.623046875
2022-10-07,3875.595703125,7026.783203125
2022-10-10,3824.19555664062,6994.39501953125
2022-10-11,3824.19555664062,6939.14501953125
2022-10-12,3875.595703125,6909.208984375
2022-10-13,3896.15600585938,6880.625
2022-10-14,3865.3154296875,6814.52978515625
2022-10-17,3885.87573242188,6831.115234375
2022-10-18,3906.43579101562,6834.494140625
2022-10-19,3896.15600585938,6860.416015625
2022-10-20,4070.91796875,6980.65185546875
2022-10-21,4255.95947265625,7017.77099609375
2022-10-24,4214.8388671875,7053.0439453125
2022-10-25,4204.55908203125,7048.3798828125
2022-10-26,4194.27880859375,7043.93896484375
2022-10-27,4194.27880859375,7091.76123046875
2022-10-28,4194.27880859375,7056.0400390625
2022-10-31,4338.2001953125,7098.89013671875
2022-11-01,4276.51953125,7052.30322265625
2022-11-02,4142.87841796875,7015.68994140625
2022-11-03,4183.9990234375,7034.5732421875
2022-11-04,4173.71826171875,7045.52685546875
2022-11-07,4214.8388671875,7102.39599609375
2022-11-08,4173.71826171875,7050.1259765625
2022-11-09,4173.71826171875,7070.083984375
2022-11-10,4153.158203125,6966.8369140625
2022-11-11,4286.79931640625,7089.2060546875
2022-11-14,4214.8388671875,7019.39208984375
2022-11-15,4214.8388671875,7035.5
2022-11-16,4112.0380859375,7014.3837890625
2022-11-17,4070.91796875,7044.98583984375
2022-11-18,4183.9990234375,7082.18115234375
2022-11-21,4153.158203125,7063.2470703125
2022-11-22,4163.4384765625,7030.587890625
2022-11-23,4194.27880859375,7054.123046875
2022-11-24,4204.55908203125,7080.51513671875
2022-11-25,4183.9990234375,7053.14990234375
2022-11-28,4163.4384765625,7017.35791015625
2022-11-29,4245.6787109375,7012.06884765625
2022-11-30,4327.919921875,7081.31298828125
2022-12-01,4276.51953125,7020.80322265625
2022-12-02,4327.919921875,7019.63916015625
2022-12-05,4471.8408203125,6987.328125
2022-12-06,4482.12158203125,6892.56982421875
2022-12-07,4266.2392578125,6818.751953125
2022-12-08,4132.59765625,6804.22705078125
2022-12-09,4081.19775390625,6715.1181640625
2022-12-12,4091.47778320312,6734.4521484375
2022-12-13,4070.91796875,6810.31591796875
2022-12-14,4091.47778320312,6801.7490234375
2022-12-15,4070.91796875,6751.85986328125
2022-12-16,4153.158203125,6812.19287109375
2022-12-19,4112.0380859375,6779.6982421875
2022-12-20,4132.59765625,6768.31591796875
2022-12-21,4112.0380859375,6820.6630859375
2022-12-22,4091.47778320312,6824.43212890625
2022-12-23,4081.19775390625,6800.6728515625
2022-12-26,4132.59765625,6835.80810546875
2022-12-27,4091.47778320312,6923.02685546875
2022-12-28,4101.7578125,6850.52001953125
2022-12-29,4101.7578125,6860.0771484375
2022-12-30,4081.19775390625,6850.619140625
2023-01-02,4060.63720703125,6850.98388671875
2023-01-03,4091.47778320312,6888.7578125
2023-01-04,4122.31787109375,6813.23876953125
2023-01-05,4040.0771484375,6653.8408203125
2023-01-06,4029.79760742188,6684.55810546875
2023-01-09,3998.95678710938,6688.26513671875
2023-01-10,3813.91528320312,6622.4990234375
2023-01-11,3680.27368164062,6584.453125
2023-01-12,3783.07495117188,6629.93408203125
2023-01-13,3772.794921875,6641.830078125
2023-01-16,3824.19555664062,6688.05712890625
2023-01-17,4009.23706054688,6767.33984375
2023-01-18,3926.99633789062,6765.7861328125
2023-01-19,4009.23706054688,6819.9072265625
2023-01-20,4101.7578125,6874.93115234375
2023-01-24,4070.91796875,6860.85400390625
2023-01-25,3988.6767578125,6829.93017578125
2023-01-26,4040.0771484375,6864.81787109375
2023-01-27,4122.31787109375,6898.98095703125
2023-01-30,4091.47778320312,6872.48095703125
2023-01-31,4091.47778320312,6839.341796875
2023-02-01,3988.6767578125,6862.2578125
2023-02-02,3998.95678710938,6890.57177734375
2023-02-03,4081.19775390625,6911.73193359375
2023-02-06,4060.63720703125,6873.791015625
2023-02-07,4183.9990234375,6935.30078125
2023-02-08,4194.27880859375,6940.1240234375
2023-02-09,4214.8388671875,6897.365234375
2023-02-10,4235.39892578125,6880.3291015625
2023-02-13,4255.95947265625,6900.14013671875
2023-02-14,4266.2392578125,6941.85498046875
2023-02-15,4204.55908203125,6914.5380859375
2023-02-16,4183.9990234375,6895.6640625
2023-02-17,4235.39892578125,6895.7138671875
2023-02-20,4225.11865234375,6894.716796875
2023-02-21,4194.27880859375,6873.40478515625
2023-02-22,4112.0380859375,6809.9677734375
2023-02-23,4142.87841796875,6839.4541015625
2023-02-24,4163.4384765625,6856.576171875
2023-02-27,4173.71826171875,6854.77685546875
2023-02-28,4112.0380859375,6843.23876953125
2023-03-01,4153.158203125,6844.93603515625
2023-03-02,4204.55908203125,6857.4150390625
2023-03-03,4132.59765625,6813.63623046875
2023-03-06,4163.4384765625,6807.0009765625
2023-03-07,4183.9990234375,6766.7578125
2023-03-08,4225.11865234375,6776.3701171875
2023-03-09,4297.080078125,6799.794921875
2023-03-10,4266.2392578125,6765.3017578125
2023-03-13,4255.95947265625,6786.955078125
2023-03-14,4081.19775390625,6641.81396484375
2023-03-15,4132.59765625,6628.13720703125
2023-03-16,4050.357421875,6565.72802734375
2023-03-17,4153.158203125,6678.23681640625
2023-03-20,4112.0380859375,6612.490234375
2023-03-21,4317.64013671875,6691.61083984375
2023-03-24,4482.12158203125,6762.25390625
2023-03-27,4408.36181640625,6708.93310546875
2023-03-28,4375.94775390625,6760.328125
2023-03-29,4473.19091796875,6839.43603515625
2023-03-30,4419.1669921875,6808.951171875
2023-03-31,4462.3857421875,6805.27685546875
2023-04-03,4548.82470703125,6827.1748046875
2023-04-04,4494.80078125,6833.17822265625
2023-04-05,4516.41015625,6819.6748046875
2023-04-06,4473.19091796875,6792.76513671875
2023-04-10,4408.36181640625,6771.23486328125
2023-04-11,4408.36181640625,6811.31396484375
2023-04-12,4451.5810546875,6798.9638671875
2023-04-13,4429.9716796875,6785.59814453125
2023-04-14,4516.41015625,6818.57421875
2023-04-17,4429.9716796875,6787.58203125
2023-04-18,4473.19091796875,6821.80712890625
2023-04-26,4494.80078125,6910.14697265625
2023-04-27,4494.80078125,6945.47705078125
2023-04-28,4473.19091796875,6915.7158203125
2023-05-02,4538.02001953125,6863.3017578125
2023-05-03,4516.41015625,6812.72216796875
2023-05-04,4473.19091796875,6844.02685546875
2023-05-05,4473.19091796875,6787.630859375
2023-05-08,4429.9716796875,6769.630859375
2023-05-09,4365.142578125,6779.97998046875
2023-05-10,4386.75244140625,6811.90478515625
2023-05-11,4408.36181640625,6755.93798828125
2023-05-12,4321.92333984375,6707.76318359375
2023-05-15,4365.142578125,6711.740234375
2023-05-16,4313.27978515625,6676.56396484375
2023-05-17,4321.92333984375,6663.11376953125
2023-05-19,4386.75244140625,6700.56103515625
2023-05-22,4516.41015625,6729.64697265625
2023-05-23,4429.9716796875,6736.68408203125
2023-05-24,4386.75244140625,6745.80419921875
2023-05-25,4473.19091796875,6704.23095703125
2023-05-26,4429.9716796875,6687.0009765625
2023-05-29,4451.5810546875,6681.10205078125
2023-05-30,4451.5810546875,6636.4228515625
2023-05-31,4365.142578125,6633.26123046875
2023-06-05,4386.75244140625,6633.43701171875
2023-06-06,4365.142578125,6618.9228515625
2023-06-07,4343.533203125,6619.7548828125
2023-06-08,4343.533203125,6666.330078125
2023-06-09,4429.9716796875,6694.02392578125
2023-06-12,4408.36181640625,6722.373046875
2023-06-13,4408.36181640625,6719.01416015625
2023-06-14,4365.142578125,6699.716796875
2023-06-15,4429.9716796875,6713.794921875
2023-06-16,4451.5810546875,6698.546875
2023-06-19,4429.9716796875,6686.05908203125
2023-06-20,4408.36181640625,6660.455078125
2023-06-21,4408.36181640625,6702.625
2023-06-22,4386.75244140625,6652.26123046875
2023-06-23,4386.75244140625,6639.73291015625
2023-06-26,4429.9716796875,6664.66796875
2023-06-27,4494.80078125,6661.87890625
2023-07-03,4624.4580078125,6696.7158203125
2023-07-04,4538.02001953125,6681.75390625
2023-07-05,4559.62939453125,6718.97705078125
2023-07-06,4581.23876953125,6757.3310546875
2023-07-07,4451.5810546875,6716.458984375
2023-07-10,4473.19091796875,6731.0380859375
2023-07-11,4559.62939453125,6796.923828125
2023-07-12,4581.23876953125,6808.208984375
2023-07-13,4624.4580078125,6810.212890625
2023-07-14,4667.67724609375,6869.57177734375
2023-07-17,4646.06787109375,6867.14404296875
2023-07-18,4624.4580078125,6830.203125
2023-07-20,4775.7255859375,6864.18896484375
2023-07-21,4797.33544921875,6880.8017578125
2023-07-24,4754.1162109375,6899.39599609375
2023-07-25,4797.33544921875,6917.7109375
2023-07-26,4818.94482421875,6948.27880859375
2023-07-27,4862.16357421875,6896.6630859375
2023-07-28,4926.99267578125,6900.22998046875
2023-07-31,4948.6025390625,6931.35888671875
2023-08-01,4883.7734375,6886.49609375
2023-08-02,4926.99267578125,6854.509765625
2023-08-03,5013.43115234375,6898.0771484375
2023-08-04,4991.82177734375,6852.841796875
2023-08-07,5078.26025390625,6886.3662109375
2023-08-08,5099.86962890625,6868.81298828125
2023-08-09,5099.86962890625,6875.11181640625
2023-08-10,5164.69873046875,6893.27587890625
2023-08-11,5121.47900390625,6879.97900390625
2023-08-14,5143.0888671875,6910.171875
2023-08-15,5013.43115234375,6915.10107421875
2023-08-16,5013.43115234375,6900.5380859375
2023-08-18,4991.82177734375,6859.912109375
2023-08-21,5035.041015625,6866.033203125
2023-08-22,5143.0888671875,6916.4501953125
2023-08-23,5056.65087890625,6921.41015625
2023-08-24,5143.0888671875,6899.39208984375
2023-08-25,5099.86962890625,6895.44287109375
2023-08-28,5186.30810546875,6921.72705078125
2023-08-29,5143.0888671875,6957.8349609375
2023-08-30,5164.69873046875,6966.65576171875
2023-08-31,5207.91796875,6953.259765625
2023-09-01,5251.13720703125,6977.65380859375
2023-09-04,5272.74658203125,6996.75
2023-09-05,5272.74658203125,6991.7080078125
2023-09-06,5229.52734375,6995.953125
2023-09-07,5078.26025390625,6954.80810546875
2023-09-08,5099.86962890625,6924.77978515625
2023-09-11,5121.47900390625,6963.39306640625
2023-09-12,5078.26025390625,6933.96923828125
2023-09-13,5056.65087890625,6935.47607421875
2023-09-14,5035.041015625,6959.3330078125
2023-09-15,5121.47900390625,6982.791015625
2023-09-18,5099.86962890625,6936.0830078125
2023-09-19,5186.30810546875,6980.32080078125
2023-09-20,5251.13720703125,7011.68115234375
2023-09-21,5186.30810546875,6991.4658203125
2023-09-22,5186.30810546875,7016.84423828125
2023-09-25,5186.30810546875,6998.380859375
2023-09-26,5121.47900390625,6923.7998046875
2023-09-27,5186.30810546875,6937.828125
2023-09-29,5207.91796875,6939.89208984375
2023-10-02,5229.52734375,6961.458984375
2023-10-03,5251.13720703125,6940.88720703125
2023-10-04,5294.3564453125,6886.576171875
2023-10-05,5294.3564453125,6874.826171875
2023-10-06,5207.91796875,6888.51806640625
2023-10-09,5099.86962890625,6891.455078125
2023-10-10,5186.30810546875,6922.18798828125
2023-10-11,5229.52734375,6931.7529296875
2023-10-12,5251.13720703125,6935.15087890625
2023-10-13,5251.13720703125,6926.77978515625
2023-10-16,5207.91796875,6896.2919921875
2023-10-17,5186.30810546875,6939.615234375
2023-10-18,5056.65087890625,6927.90576171875
2023-10-19,4948.6025390625,6846.4267578125
2023-10-20,4970.2119140625,6849.16796875
2023-10-23,4905.38330078125,6741.9638671875
2023-10-24,4970.2119140625,6806.76220703125
2023-10-25,5056.65087890625,6834.38818359375
2023-10-26,4926.99267578125,6714.51904296875
2023-10-27,4926.99267578125,6758.79296875
2023-10-30,4948.6025390625,6735.89208984375
2023-10-31,4905.38330078125,6752.2109375
2023-11-01,4883.7734375,6642.41796875
2023-11-02,5099.86962890625,6751.38623046875
2023-11-03,5035.041015625,6788.85009765625
2023-11-06,5121.47900390625,6878.8359375
2023-11-07,5078.26025390625,6843.7900390625
2023-11-08,5056.65087890625,6804.10595703125
2023-11-09,5078.26025390625,6838.23291015625
2023-11-10,4991.82177734375,6809.26318359375
2023-11-13,5035.041015625,6838.31201171875
2023-11-14,5035.041015625,6862.05517578125
2023-11-15,5121.47900390625,6958.205078125
2023-11-16,5121.47900390625,6958.0078125
2023-11-17,5099.86962890625,6977.66796875
2023-11-20,5078.26025390625,6994.88818359375
2023-11-21,5078.26025390625,6961.7900390625
2023-11-22,5078.26025390625,6906.953125
2023-11-23,5099.86962890625,7004.34423828125
2023-11-24,5078.26025390625,7009.630859375
2023-11-27,5099.86962890625,7013.40576171875
2023-11-28,5099.86962890625,7041.0732421875
2023-11-29,5056.65087890625,7036.0869140625
2023-11-30,5056.65087890625,7080.7412109375
2023-12-01,5099.86962890625,7059.90576171875
2023-12-04,5186.30810546875,7093.60009765625
2023-12-05,5164.69873046875,7100.85498046875
2023-12-06,5013.43115234375,7087.39501953125
2023-12-07,4970.2119140625,7134.623046875
2023-12-08,4926.99267578125,7159.59814453125
2023-12-11,4991.82177734375,7088.78515625
2023-12-12,5013.43115234375,7125.30712890625
2023-12-13,4948.6025390625,7075.3408203125
2023-12-14,5143.0888671875,7176.01611328125
2023-12-15,5099.86962890625,7190.98779296875
2023-12-18,5121.47900390625,7119.52490234375
2023-12-19,5164.69873046875,7187.84619140625
2023-12-20,5121.47900390625,7219.6669921875
2023-12-21,5164.69873046875,7209.619140625
2023-12-22,5164.69873046875,7237.51904296875
2023-12-27,5186.30810546875,7245.916015625
2023-12-28,5294.3564453125,7303.88818359375
2023-12-29,5229.52734375,7272.796875
2024-01-02,5294.3564453125,7323.587890625
2024-01-03,5272.74658203125,7279.0908203125
2024-01-04,5488.8427734375,7359.76318359375
2024-01-05,5553.671875,7350.619140625
2024-01-08,5532.06201171875,7283.5751953125
2024-01-09,5510.45263671875,7200.203125
2024-01-10,5553.671875,7227.296875
2024-01-11,5575.28173828125,7219.9638671875
2024-01-12,5683.3291015625,7241.13818359375
2024-01-15,5618.50048828125,7224.0009765625
2024-01-16,5640.10986328125,7242.787109375
2024-01-17,5640.10986328125,7200.634765625
2024-01-18,5640.10986328125,7252.966796875
2024-01-19,5640.10986328125,7227.40185546875
2024-01-22,5618.50048828125,7247.92822265625
2024-01-23,5618.50048828125,7256.22900390625
2024-01-24,5532.06201171875,7227.8232421875
2024-01-25,5424.01416015625,7178.0419921875
2024-01-26,5445.62353515625,7137.087890625
2024-01-29,5596.89111328125,7157.1748046875
2024-01-30,5748.158203125,7192.2158203125
2024-01-31,5748.158203125,7207.94091796875
2024-02-01,5661.7197265625,7201.69580078125
2024-02-02,5769.76806640625,7238.78515625
2024-02-05,5899.42529296875,7198.615234375
2024-02-06,5921.03515625,7247.408203125
2024-02-07,6007.4736328125,7235.15185546875
2024-02-12,6137.13134765625,7297.6689453125
2024-02-13,6072.302734375,7209.7412109375
2024-02-15,6223.56982421875,7303.28076171875
2024-02-16,6223.56982421875,7335.544921875
2024-02-19,6180.3505859375,7296.7021484375
2024-02-20,6180.3505859375,7352.60107421875
2024-02-21,6266.7890625,7349.02099609375
2024-02-22,6137.13134765625,7339.63623046875
2024-02-23,6093.912109375,7295.09521484375
2024-02-26,6093.912109375,7283.8232421875
2024-02-27,6115.52197265625,7285.31689453125
2024-02-28,6158.74072265625,7328.63623046875
2024-02-29,6050.69287109375,7316.11083984375
2024-03-01,6072.302734375,7311.9072265625
2024-03-04,6072.302734375,7276.7490234375
2024-03-05,6072.302734375,7247.4599609375
2024-03-06,6115.52197265625,7329.80078125
2024-03-07,6137.13134765625,7373.9638671875
2024-03-08,6158.74072265625,7381.9072265625
2024-03-13,6288.39892578125,7421.20703125
2024-03-14,6396.447265625,7433.31494140625
2024-03-15,6396.447265625,7328.05419921875
2024-03-18,6201.9599609375,7302.44921875
2024-03-19,6288.39892578125,7336.74609375
2024-03-20,6405.568359375,7331.1279296875
2024-03-21,6405.568359375,7338.35302734375
2024-03-22,6405.568359375,7350.15185546875
2024-03-25,6587.28662109375,7377.759765625
2024-03-26,6519.142578125,7365.6640625
2024-03-27,6519.142578125,7310.091796875
2024-03-28,6587.28662109375,7288.81298828125
2024-04-01,6269.27978515625,7205.06103515625
2024-04-02,6269.27978515625,7236.98388671875
2024-04-03,6155.7060546875,7166.84423828125
2024-04-04,6246.56494140625,7254.39892578125
2024-04-05,6201.13525390625,7286.8818359375
2024-04-16,6019.4169921875,7164.80712890625
2024-04-17,6019.4169921875,7130.8408203125
2024-04-18,6178.42041015625,7166.81396484375
2024-04-19,6110.2763671875,7087.31689453125
2024-04-22,6110.2763671875,7073.81982421875
2024-04-23,6201.13525390625,7110.81298828125
2024-04-24,6405.568359375,7174.533203125
2024-04-25,6314.70947265625,7155.2939453125
2024-04-26,6132.9912109375,7036.0751953125
2024-04-29,6291.99462890625,7155.7841796875
2024-04-30,6269.27978515625,7234.19677734375
2024-05-02,5746.83984375,7117.4248046875
2024-05-03,5587.83642578125,7134.72412109375
2024-05-06,5701.41015625,7135.89013671875
2024-05-07,5701.41015625,7123.61181640625
2024-05-08,5701.41015625,7088.794921875
2024-05-13,5633.26611328125,7099.26123046875
2024-05-14,5633.26611328125,7083.76318359375
2024-05-15,5792.26953125,7179.8310546875
2024-05-16,5769.5546875,7246.69580078125
2024-05-17,5973.98779296875,7317.23779296875
2024-05-20,5746.83984375,7266.69091796875
2024-05-21,5474.26220703125,7186.037109375
2024-05-22,5496.97705078125,7222.3818359375
2024-05-27,5292.5439453125,7176.419921875
2024-05-28,5406.1181640625,7253.6259765625
2024-05-29,5269.82958984375,7140.22900390625
2024-05-30,5337.9736328125,7034.14208984375
2024-05-31,5360.6884765625,6970.73583984375
2024-06-03,5542.40673828125,7036.19091796875
2024-06-04,5587.83642578125,7099.31201171875
2024-06-05,5451.5478515625,6947.669921875
2024-06-06,5610.55126953125,6974.89697265625
2024-06-07,5701.41015625,6897.9501953125
2024-06-10,5701.41015625,6921.5478515625
2024-06-11,5565.12158203125,6855.69091796875
2024-06-12,5383.4033203125,6850.09716796875
2024-06-13,5337.9736328125,6831.56396484375
2024-06-14,5224.39990234375,6734.83203125
2024-06-19,5224.39990234375,6726.9189453125
2024-06-20,5406.1181640625,6819.32080078125
2024-06-21,5565.12158203125,6879.97802734375
2024-06-24,5451.5478515625,6889.1650390625
2024-06-25,5383.4033203125,6882.7041015625
2024-06-26,5315.2587890625,6905.64208984375
2024-06-27,5451.5478515625,6967.951171875
2024-06-28,5587.83642578125,7063.5771484375
2024-07-01,5678.6953125,7139.6259765625
2024-07-02,5633.26611328125,7125.14208984375
2024-07-03,5655.98046875,7196.7548828125
2024-07-04,5678.6953125,7220.88916015625
2024-07-05,5837.69873046875,7253.3720703125
2024-07-08,5655.98046875,7250.97705078125
2024-07-09,5792.26953125,7269.80078125
2024-07-10,5792.26953125,7287.0419921875
2024-07-11,5814.984375,7300.4072265625
2024-07-12,5837.69873046875,7327.580078125
2024-07-15,5769.5546875,7278.86279296875
2024-07-16,5769.5546875,7224.29296875
2024-07-17,5860.41357421875,7224.2177734375
2024-07-18,5951.27294921875,7321.07080078125
2024-07-19,5928.55810546875,7294.4951171875
2024-07-22,6087.5615234375,7321.97607421875
2024-07-23,6019.4169921875,7313.85693359375
2024-07-24,5883.12841796875,7262.7587890625
2024-07-25,5973.98779296875,7240.27685546875
2024-07-26,5951.27294921875,7288.1669921875
2024-07-29,5883.12841796875,7288.89697265625
2024-07-30,5883.12841796875,7241.86376953125
2024-07-31,5814.984375,7255.76220703125
2024-08-01,6132.9912109375,7325.98486328125
2024-08-02,6178.42041015625,7308.123046875
2024-08-05,5973.98779296875,7059.65283203125
2024-08-06,6019.4169921875,7129.21484375
2024-08-07,6155.7060546875,7212.130859375
2024-08-08,6178.42041015625,7195.12109375
2024-08-09,6223.85009765625,7256.99609375
2024-08-12,6269.27978515625,7297.625
2024-08-13,6360.138671875,7356.63818359375
2024-08-14,6428.283203125,7436.0390625
2024-08-15,6382.853515625,7409.5009765625
2024-08-16,6428.283203125,7432.08984375
2024-08-19,6496.427734375,7466.8310546875
2024-08-20,6541.85693359375,7533.98486328125
2024-08-21,6587.28662109375,7554.5927734375
2024-08-22,6405.568359375,7488.67578125
2024-08-23,6405.568359375,7544.2978515625
2024-08-26,6405.568359375,7606.19482421875
2024-08-27,6382.853515625,7597.880859375
2024-08-28,6564.57177734375,7658.875
2024-08-29,6450.998046875,7627.60400390625
2024-08-30,6473.712890625,7670.73291015625
2024-09-02,6541.85693359375,7694.52978515625
2024-09-03,6428.283203125,7616.52099609375
2024-09-04,6519.142578125,7672.89599609375
2024-09-05,6519.142578125,7681.04296875
2024-09-06,6587.28662109375,7721.84619140625
2024-09-09,6587.28662109375,7702.73876953125
2024-09-10,6587.28662109375,7761.38818359375
2024-09-11,6700.86083984375,7760.955078125
2024-09-12,6632.71630859375,7798.15380859375
2024-09-13,6610.00146484375,7812.130859375
2024-09-17,6746.2900390625,7831.77880859375
2024-09-18,6723.5751953125,7829.134765625
2024-09-19,6723.5751953125,7905.39013671875
2024-09-20,6632.71630859375,7743.00390625
2024-09-23,6769.0048828125,7775.73095703125
2024-09-24,6746.2900390625,7778.4912109375
2024-09-25,6541.85693359375,7740.90185546875
2024-09-26,6519.142578125,7744.51611328125
2024-09-27,6405.568359375,7696.916015625
2024-09-30,6291.99462890625,7527.92919921875
2024-10-01,6405.568359375,7642.1328125
2024-10-02,6337.42431640625,7563.26220703125
2024-10-03,6405.568359375,7543.828125
2024-10-04,6314.70947265625,7496.0908203125
2024-10-07,6246.56494140625,7504.134765625
2024-10-08,6428.283203125,7557.14208984375
2024-10-09,6314.70947265625,7501.28515625
2024-10-10,6314.70947265625,7480.080078125
2024-10-11,6314.70947265625,7520.60205078125
2024-10-14,6291.99462890625,7559.65478515625
2024-10-15,6405.568359375,7626.951171875
2024-10-16,6360.138671875,7648.93994140625
2024-10-17,6564.57177734375,7735.0390625
2024-10-18,6519.142578125,7760.06005859375
2024-10-21,6541.85693359375,7772.59619140625
2024-10-22,6428.283203125,7788.98291015625
2024-10-23,6428.283203125,7787.56494140625
2024-10-24,6337.42431640625,7716.548828125
2024-10-25,6405.568359375,7694.66015625
2024-10-28,6201.13525390625,7634.630859375
2024-10-29,6201.13525390625,7606.60009765625
2024-10-30,6132.9912109375,7569.85009765625
2024-10-31,6087.5615234375,7574.01904296875
2024-11-01,6042.1318359375,7505.2568359375
2024-11-04,6132.9912109375,7479.5029296875
2024-11-05,6291.99462890625,7491.93115234375
2024-11-06,5951.27294921875,7383.8681640625
2024-11-07,5837.69873046875,7243.85986328125
2024-11-08,5746.83984375,7287.19091796875
2024-11-11,5769.5546875,7266.4599609375
2024-11-12,5792.26953125,7321.98583984375
2024-11-13,5837.69873046875,7308.6708984375
2024-11-14,5792.26953125,7214.56103515625
2024-11-15,5769.5546875,7161.2578125
2024-11-18,5746.83984375,7134.27685546875
2024-11-19,5678.6953125,7195.71484375
2024-11-20,5655.98046875,7180.3349609375
2024-11-21,5587.83642578125,7140.912109375
2024-11-22,5678.6953125,7195.56494140625
2024-11-25,5973.98779296875,7314.10791015625
2024-11-26,5814.984375,7245.88818359375
2024-11-28,5860.41357421875,7200.1572265625
2024-11-29,5587.83642578125,7114.26611328125
2024-12-02,5451.5478515625,7046.98583984375
2024-12-03,5701.41015625,7196.01708984375
2024-12-04,5792.26953125,7326.76416015625
2024-12-05,5587.83642578125,7313.31298828125
2024-12-06,5655.98046875,7382.78515625
2024-12-09,5792.26953125,7437.73095703125
2024-12-10,5724.125,7453.287109375
2024-12-11,5724.125,7464.751953125
2024-12-12,5565.12158203125,7394.23779296875
2024-12-13,5474.26220703125,7324.7890625
2024-12-16,5519.69189453125,7258.630859375
2024-12-17,5406.1181640625,7157.73193359375
2024-12-18,5292.5439453125,7107.875
2024-12-19,5156.25537109375,6977.23779296875
2024-12-20,5156.25537109375,6983.865234375
2024-12-23,5292.5439453125,7096.44482421875
2024-12-24,5224.39990234375,7065.74609375
2024-12-27,5269.82958984375,7036.57080078125
2024-12-30,5178.97021484375,7079.90478515625
2025-01-02,5315.2587890625,7163.205078125
2025-01-03,5269.82958984375,7164.42919921875
2025-01-06,5156.25537109375,7080.47412109375
2025-01-07,5088.111328125,7083.2841796875
2025-01-08,5224.39990234375,7080.35205078125
2025-01-09,5224.39990234375,7064.587890625
2025-01-10,5088.111328125,7088.8662109375
2025-01-13,5019.966796875,7016.87890625
2025-01-14,4906.39306640625,6956.6650390625
2025-01-15,5224.39990234375,7079.56201171875
2025-01-16,5337.9736328125,7107.51904296875
2025-01-17,5337.9736328125,7154.658203125
2025-01-20,5451.5478515625,7170.73681640625
2025-01-21,5496.97705078125,7181.81982421875
2025-01-22,5587.83642578125,7257.1279296875
2025-01-23,5610.55126953125,7232.64306640625
2025-01-24,5565.12158203125,7166.05615234375
2025-01-30,5542.40673828125,7073.47802734375
2025-01-31,5474.26220703125,7109.19580078125
2025-02-03,5269.82958984375,7030.05810546875
2025-02-04,5156.25537109375,7073.458984375
2025-02-05,5019.966796875,7024.22802734375
2025-02-06,4633.8154296875,6875.5361328125
2025-02-07,4679.2451171875,6742.576171875
2025-02-10,4542.95654296875,6648.14208984375
2025-02-11,4433.92529296875,6531.990234375
2025-02-12,4488.44091796875,6645.77783203125
2025-02-13,4565.6708984375,6613.56787109375
2025-02-14,4656.5302734375,6638.458984375
2025-02-17,4929.107421875,6830.8818359375
2025-02-18,4951.822265625,6873.55419921875
2025-02-19,4701.9599609375,6794.8681640625
2025-02-20,4679.2451171875,6788.0419921875
2025-02-21,4611.1005859375,6803.0009765625
2025-02-24,4565.6708984375,6749.60107421875
2025-02-25,4424.83935546875,6587.0869140625
2025-02-26,4470.26904296875,6606.17822265625
2025-02-27,4234.03515625,6485.4482421875
2025-02-28,4179.52001953125,6270.59716796875
2025-03-03,4452.09716796875,6519.658203125
2025-03-04,4397.58154296875,6380.40087890625
2025-03-05,4415.75341796875,6531.39892578125
2025-03-06,4424.83935546875,6617.84716796875
2025-03-07,4397.58154296875,6636
2025-03-10,4279.46484375,6598.2119140625
2025-03-11,4306.72265625,6545.85009765625
2025-03-12,4433.92529296875,6665.044921875
2025-03-13,4306.72265625,6647.4169921875
2025-03-14,4306.72265625,6515.630859375
2025-03-17,4252.20703125,6471.94677734375
2025-03-18,4115.91845703125,6223.38818359375
2025-03-19,4252.20703125,6311.66015625
2025-03-20,4197.69189453125,6381.673828125
2025-03-21,4006.88745117188,6258.17919921875
2025-03-24,4052.31713867188,6161.2177734375
2025-03-25,4306.72265625,6235.619140625
2025-03-26,4679.2451171875,6472.35595703125
2025-03-27,4724.6748046875,6510.6201171875
2025-04-08,4243.12109375,5996.14208984375
2025-04-09,4279.46484375,5967.98779296875
2025-04-10,4565.6708984375,6254.02392578125
2025-04-11,4633.8154296875,6262.22607421875
2025-04-14,4750,6368.51708984375
2025-04-15,4710,6441.68310546875
2025-04-16,4630,6400.05419921875
2025-04-17,4600,6438.26904296875
2025-04-21,4610,6445.966796875
2025-04-22,4720,6538.26611328125
2025-04-23,4900,6634.376953125
2025-04-24,4890,6613.47802734375
2025-04-25,4900,6678.9150390625
2025-04-28,4920,6722.9658203125
2025-04-29,4940,6749.0751953125
2025-04-30,4890,6766.794921875
